Workbook

Sheet Инструкция
B1: ЛИД-МАГНИТ «ТВОЯ КАРМИЧЕСКАЯ ТОЧКА»
B2: Рабочая книга: из неё собирается персональный PDF на 8 страниц
B4: ИЗ ЧЕГО СОСТОИТ КНИГА
B5: Сферы — Справочник 6 сфер. Здесь живут «Линия духа», три шага с пояснениями и «Почему эти шаги». Меняешь текст — меняется страница 7 в PDF.
B6: Ответы — Сюда падают ответы из Google Формы. Колонки H–J подтягивают текст по выбранной сфере формулой ВПР — их читает скрипт, который делает PDF.
B7: Тексты разбора — Все заголовки, абзацы и подписи 8 страниц. Правишь здесь — меняется вёрстка PDF, код трогать не нужно.
B8: Настройки — Имя автора, ссылка на запись, контакты, шаблон, тема письма.
B10: КАК ПОДКЛЮЧИТЬ (5 ШАГОВ)
B11: 1. Загрузи этот файл на Google Диск → правый клик → Открыть с помощью → Google Таблицы (или Файл → Импорт в существующую таблицу).
B12: 2. Проверь лист «Сферы»: названия в колонке A должны совпадать с вариантами в форме символ в символ.
B13: 3. Привяжи форму к листу «Ответы» (Форма → Ответы → Связать с Таблицами) или просто перенеси ответы на этот лист — порядок колонок A–G должен сохраниться.
B14: 4. Вставь скрипт apps_script.gs (Расширения → Apps Script), укажи ID шаблона Google Документа и запусти install() один раз.
... B27: Вручную — Открой шаблон shablon_TVK_metki.docx → замени метки <<...>> на значения из строки «Ответов» и колонок H–J → Файл → Скачать → PDF. 3 минуты на человека.

Sheet Сферы
A1: Сфера | B1: Линия духа | C1: Шаг 1 | D1: Шаг 2 | E1: Шаг 3 | F1: Пояснение к шагу 1 | G1: Пояснение к шагу 2 | H1: Пояснение к шагу 3 | I1: Почему эти шаги | J1: Универсальная главная ошибка
A2: Личность | B2: Признание своей ценности, действие без чужого разрешения | C2: Выпиши 10 своих достижений за последний год. | D2: Сделай одно дело без чужого одобрения. | E2: Скажи «нет» одному делу, которое тебе не нужно. | F2: Даже маленьких. («Наконец-то сходила к врачу», «Сделала проект на работе»). Это вернёт тебе ощущение ценности. | G2: Не спрашивай «а как лучше?», не жди, что кто-то скажет «молодец». Просто сделай — и похвали себя сам(а). | H2: Просто попробуй. Это укрепит твои границы и покажет, что ты имеешь право выбирать. | I2: Ты ждёшь разрешения от других, чтобы начать действовать. Эти три шага помогут тебе вернуть себе ценность и почувствовать, что ты имеешь право выбирать. | J2: Ты чувствуешь, что твои таланты не признаны — ни тобой, ни другими. Ты ждёшь разрешения, чтобы начать действовать.
A3: Духовность | B3: Тишина, возвращение к своим желаниям, благодарность | C3: Выдели 15 минут в день на тишину без телефона. | D3: Напиши список из 5 вещей, которые приносят тебе радость. | E3: Вспомни, о чём ты мечтал(а) в детстве. | F3: Просто сядь и спроси себя: «Что я сейчас чувствую? Чего я хочу на самом деле?» Не анализируй — просто слушай. | G3: Не «полезных», а именно радостных. И сделай одну из них на этой неделе. | H3: Напиши это. Даже если это кажется глупым. Это может быть ключом к твоему смыслу. | I3: Ты потерял(а) связь с собой и делаешь то, что «надо». Эти три шага помогут тебе услышать свои желания и вернуть радость. | J3: Ты потерял(а) связь с собой. Ты делаешь то, что «надо», а не то, что откликается.
A4: Реализация | B4: Разрешение себе зарабатывать, финансовое планирование | C4: Напиши сумму, которую ты хочешь зарабатывать в месяц. | D4: Найди один свой навык, за который тебе уже платят (или могут платить). | E4: Сделай одно действие, которое приближает тебя к деньгам. | F4: Конкретную цифру. И честно ответь: «Что я думаю о людях, которые столько зарабатывают?» (Зависть? Страх? «Они воруют»?) Это твой блок. | G4: Напиши, как ты можешь его монетизировать — пусть даже на 1000 ₽ больше. | H4: Не «изучи рынок», а конкретно: отправь резюме, напиши клиенту, подними цену на свою услугу. | I4: Ты работаешь много, но результат не отражает твоих усилий. Эти три шага помогут тебе увидеть свой денежный блок и сделать первый шаг к доходу. | J4: Ты чувствуешь, что деньги не приходят так, как хотелось бы. Ты работаешь много, но результат не отражает твоих усилий.
A5: Отношения | B5: Границы, любовь к себе, выбор из целостности | C5: Вспомни один эпизод, где ты не сказал(а) «нет». | D5: Напиши 5 вещей, за которые ты себя любишь. | E5: Сделай одно действие для себя, а не для других. | F5: Напиши, что бы ты сказал(а) сейчас. Это твоя граница — и ты имеешь на неё право. | G5: Не за что-то, а просто так. Это основа здоровых отношений — любовь к себе. | H5: Не для партнёра, не для мамы, не для коллег. Для себя. Это может быть ванна, прогулка, покупка чего-то приятного. | I5: Ты повторяешь один и тот же сценарий — выбираешь не тех или закрываешься от близости. Эти три шага помогут тебе укрепить границы и вернуть любовь к себе. | J5: Ты повторяешь один и тот же сценарий: выбираешь не тех или закрываешься от близости.
A6: Здоровье | B6: Слышать тело, отдых без вины, эмоции через тело | C6: Ляг спать на 30 минут раньше. | D6: Напиши список из 3 вещей, после которых ты чувствуешь себя лучше. | E6: Спроси своё тело: «Чего ты хочешь?» | F6: Без телефона. Просто понаблюдай, как тело отреагирует. | G6: (Прогулка? Вода? Тишина?) И сделай одну из них сегодня. | H6: Закрой глаза, сделай вдох-выдох и прислушайся. Первый ответ — самый честный. | I6: Ты игнорируешь сигналы тела и живёшь «на автопилоте». Эти три шага помогут тебе услышать тело и вернуть ресурс. | J6: Твоё тело подаёт сигналы, которые ты игнорируешь. Ты живёшь «на автопилоте», не слыша себя.
A7: Миссия и смысл | B7: Поиск «зачем», служение, действие без оплаты | C7: Ответь на вопрос: «Чем бы я занимался(лась), если бы никто не платил и не оценивал?» | D7: Вспомни, когда ты последний раз чувствовал(а) себя «на своём месте». | E7: Сделай одно маленькое действие в сторону этого «зачем». | F7: Напиши 3 варианта. Не думай о деньгах — только о том, что важно. | G7: Опиши эту ситуацию. Что ты делал(а)? С кем? Это ключ к твоей миссии. | H7: Даже если это просто пост в соцсетях, разговор с человеком или чтение статьи на тему. | I7: Ты чувствуешь, что живёшь не свою жизнь. Внешне всё «нормально», но внутри — пустота. Эти три шага помогут тебе найти своё «зачем» и сделать первый шаг к нему. | J7: Ты чувствуешь, что живёшь не свою жизнь. Внешне всё «нормально», но внутри — пустота.

Sheet Ответы
A1: Отметка времени | B1: Сфера | C1: Ответ 2 — ситуация | D1: Ответ 3 — волшебная палочка | E1: Имя | F1: Email | G1: Согласие | H1: Линия духа (авто) | I1: Три шага (авто) | J1: Почему эти шаги (авто) | K1: PDF отправлен
A2: 2026-10-28 09:12 | B2: Реализация | C2: Беру новые проекты, но не поднимаю цену — и потом выгораю | D2: Выйти на стабильные 300 000 ₽ в месяц | E2: Анна | F2: anna@example.com | G2: да | H2: =IF($B2="","",IFERROR(VLOOKUP($B2,Сферы!$A$2:$J$7,2,FALSE),"сфера не найдена")) | I2: =IF($B2="","",IFERROR(VLOOKUP($B2,Сферы!$A$2:$J$7,3,FALSE)&" / "&VLOOKUP($B2,Сферы!$A$2:$J$7,4,FALSE)&" / "&VLOOKUP($B2,Сферы!$A$2:$J$7,5,FALSE),"")) | J2: =IF($B2="","",IFERROR(VLOOKUP($B2,Сферы!$A$2:$J$7,9,FALSE),""))
A3: 2026-10-28 09:20 | B3: Отношения | C3: Снова выбрала мужчину, который не готов к серьёзному, и опять всё закончилось | D3: Перестать бояться близости и построить спокойные отношения | E3: Мария | F3: maria@example.com | G3: да | H3: =IF($B3="","",IFERROR(VLOOKUP($B3,Сферы!$A$2:$J$7,2,FALSE),"сфера не найдена")) | I3: =IF($B3="","",IFERROR(VLOOKUP($B3,Сферы!$A$2:$J$7,3,FALSE)&" / "&VLOOKUP($B3,Сферы!$A$2:$J$7,4,FALSE)&" / "&VLOOKUP($B3,Сферы!$A$2:$J$7,5,FALSE),"")) | J3: =IF($B3="","",IFERROR(VLOOKUP($B3,Сферы!$A$2:$J$7,9,FALSE),""))
H4: =IF($B4="","",IFERROR(VLOOKUP($B4,Сферы!$A$2:$J$7,2,FALSE),"сфера не найдена")) | I4: =IF($B4="","",IFERROR(VLOOKUP($B4,Сферы!$A$2:$J$7,3,FALSE)&" / "&VLOOKUP($B4,Сферы!$A$2:$J$7,4,FALSE)&" / "&VLOOKUP($B4,Сферы!$A$2:$J$7,5,FALSE),"")) | J4: =IF($B4="","",IFERROR(VLOOKUP($B4,Сферы!$A$2:$J$7,9,FALSE),""))
H5: =IF($B5="","",IFERROR(VLOOKUP($B5,Сферы!$A$2:$J$7,2,FALSE),"сфера не найдена")) | I5: =IF($B5="","",IFERROR(VLOOKUP($B5,Сферы!$A$2:$J$7,3,FALSE)&" / "&VLOOKUP($B5,Сферы!$A$2:$J$7,4,FALSE)&" / "&VLOOKUP($B5,Сферы!$A$2:$J$7,5,FALSE),"")) | J5: =IF($B5="","",IFERROR(VLOOKUP($B5,Сферы!$A$2:$J$7,9,FALSE),""))
H6: =IF($B6="","",IFERROR(VLOOKUP($B6,Сферы!$A$2:$J$7,2,FALSE),"сфера не найдена")) | I6: =IF($B6="","",IFERROR(VLOOKUP($B6,Сферы!$A$2:$J$7,3,FALSE)&" / "&VLOOKUP($B6,Сферы!$A$2:$J$7,4,FALSE)&" / "&VLOOKUP($B6,Сферы!$A$2:$J$7,5,FALSE),"")) | J6: =IF($B6="","",IFERROR(VLOOKUP($B6,Сферы!$A$2:$J$7,9,FALSE),""))
H7: =IF($B7="","",IFERROR(VLOOKUP($B7,Сферы!$A$2:$J$7,2,FALSE),"сфера не найдена")) | I7: =IF($B7="","",IFERROR(VLOOKUP($B7,Сферы!$A$2:$J$7,3,FALSE)&" / "&VLOOKUP($B7,Сферы!$A$2:$J$7,4,FALSE)&" / "&VLOOKUP($B7,Сферы!$A$2:$J$7,5,FALSE),"")) | J7: =IF($B7="","",IFERROR(VLOOKUP($B7,Сферы!$A$2:$J$7,9,FALSE),""))
H8: =IF($B8="","",IFERROR(VLOOKUP($B8,Сферы!$A$2:$J$7,2,FALSE),"сфера не найдена")) | I8: =IF($B8="","",IFERROR(VLOOKUP($B8,Сферы!$A$2:$J$7,3,FALSE)&" / "&VLOOKUP($B8,Сферы!$A$2:$J$7,4,FALSE)&" / "&VLOOKUP($B8,Сферы!$A$2:$J$7,5,FALSE),"")) | J8: =IF($B8="","",IFERROR(VLOOKUP($B8,Сферы!$A$2:$J$7,9,FALSE),""))
H9: =IF($B9="","",IFERROR(VLOOKUP($B9,Сферы!$A$2:$J$7,2,FALSE),"сфера не найдена")) | I9: =IF($B9="","",IFERROR(VLOOKUP($B9,Сферы!$A$2:$J$7,3,FALSE)&" / "&VLOOKUP($B9,Сферы!$A$2:$J$7,4,FALSE)&" / "&VLOOKUP($B9,Сферы!$A$2:$J$7,5,FALSE),"")) | J9: =IF($B9="","",IFERROR(VLOOKUP($B9,Сферы!$A$2:$J$7,9,FALSE),""))
H10: =IF($B10="","",IFERROR(VLOOKUP($B10,Сферы!$A$2:$J$7,2,FALSE),"сфера не найдена")) | I10: =IF($B10="","",IFERROR(VLOOKUP($B10,Сферы!$A$2:$J$7,3,FALSE)&" / "&VLOOKUP($B10,Сферы!$A$2:$J$7,4,FALSE)&" / "&VLOOKUP($B10,Сферы!$A$2:$J$7,5,FALSE),"")) | J10: =IF($B10="","",IFERROR(VLOOKUP($B10,Сферы!$A$2:$J$7,9,FALSE),""))
H11: =IF($B11="","",IFERROR(VLOOKUP($B11,Сферы!$A$2:$J$7,2,FALSE),"сфера не найдена")) | I11: =IF($B11="","",IFERROR(VLOOKUP($B11,Сферы!$A$2:$J$7,3,FALSE)&" / "&VLOOKUP($B11,Сферы!$A$2:$J$7,4,FALSE)&" / "&VLOOKUP($B11,Сферы!$A$2:$J$7,5,FALSE),"")) | J11: =IF($B11="","",IFERROR(VLOOKUP($B11,Сферы!$A$2:$J$7,9,FALSE),""))
H12: =IF($B12="","",IFERROR(VLOOKUP($B12,Сферы!$A$2:$J$7,2,FALSE),"сфера не найдена")) | I12: =IF($B12="","",IFERROR(VLOOKUP($B12,Сферы!$A$2:$J$7,3,FALSE)&" / "&VLOOKUP($B12,Сферы!$A$2:$J$7,4,FALSE)&" / "&VLOOKUP($B12,Сферы!$A$2:$J$7,5,FALSE),"")) | J12: =IF($B12="","",IFERROR(VLOOKUP($B12,Сферы!$A$2:$J$7,9,FALSE),""))
H13: =IF($B13="","",IFERROR(VLOOKUP($B13,Сферы!$A$2:$J$7,2,FALSE),"сфера не найдена")) | I13: =IF($B13="","",IFERROR(VLOOKUP($B13,Сферы!$A$2:$J$7,3,FALSE)&" / "&VLOOKUP($B13,Сферы!$A$2:$J$7,4,FALSE)&" / "&VLOOKUP($B13,Сферы!$A$2:$J$7,5,FALSE),"")) | J13: =IF($B13="","",IFERROR(VLOOKUP($B13,Сферы!$A$2:$J$7,9,FALSE),""))
H14: =IF($B14="","",IFERROR(VLOOKUP($B14,Сферы!$A$2:$J$7,2,FALSE),"сфера не найдена")) | I14: =IF($B14="","",IFERROR(VLOOKUP($B14,Сферы!$A$2:$J$7,3,FALSE)&" / "&VLOOKUP($B14,Сферы!$A$2:$J$7,4,FALSE)&" / "&VLOOKUP($B14,Сферы!$A$2:$J$7,5,FALSE),"")) | J14: =IF($B14="","",IFERROR(VLOOKUP($B14,Сферы!$A$2:$J$7,9,FALSE),""))
H15: =IF($B15="","",IFERROR(VLOOKUP($B15,Сферы!$A$2:$J$7,2,FALSE),"сфера не найдена")) | I15: =IF($B15="","",IFERROR(VLOOKUP($B15,Сферы!$A$2:$J$7,3,FALSE)&" / "&VLOOKUP($B15,Сферы!$A$2:$J$7,4,FALSE)&" / "&VLOOKUP($B15,Сферы!$A$2:$J$7,5,FALSE),"")) | J15: =IF($B15="","",IFERROR(VLOOKUP($B15,Сферы!$A$2:$J$7,9,FALSE),""))
... H40: =IF($B40="","",IFERROR(VLOOKUP($B40,Сферы!$A$2:$J$7,2,FALSE),"сфера не найдена")) | I40: =IF($B40="","",IFERROR(VLOOKUP($B40,Сферы!$A$2:$J$7,3,FALSE)&" / "&VLOOKUP($B40,Сферы!$A$2:$J$7,4,FALSE)&" / "&VLOOKUP($B40,Сферы!$A$2:$J$7,5,FALSE),"")) | J40: =IF($B40="","",IFERROR(VLOOKUP($B40,Сферы!$A$2:$J$7,9,FALSE),""))

Sheet Тексты разбора
A1: Ключ | B1: Стр. | C1: Что это | D1: Текст (можно править)
A2: w_kicker | B2: 2 | C2: Рубрика | D2: С чего всё начинается
A3: w_title | B3: 2 | C3: Заголовок | D3: Почему твоя жизнь — это колесо
A4: w_text1 | B4: 2 | C4: Абзац 1 | D4: Представь, что твоя жизнь — это колесо. У него есть спицы: личность, духовность, деньги, отношения, здоровье, смысл. Если все спицы одинаковой длины — колесо ровное, и ты едешь по жизни легко. Если одна спица короче — колесо начинает бить, скрипеть и вилять. Ты вроде бы едешь, но постоянно чувствуешь, что что-то не так.
A5: w_text2 | B5: 2 | C5: Абзац 2 | D5: «Колесо баланса» — это простой способ увидеть, какая спица у тебя сейчас «просела». Ты не гадаешь «что со мной не так» — ты просто смотришь на карту и видишь: вот здесь у меня застряла энергия.
A6: w_why_title | B6: 2 | C6: Заголовок списка | D6: Зачем это нужно
A7: w_i1_t | B7: 2 | C7: Пункт 1 — заголовок | D7: Чтобы перестать ходить по кругу.
A8: w_i1_d | B8: 2 | C8: Пункт 1 — текст | D8: Когда ты видишь, где именно «болит», ты перестаёшь разбрасываться и начинаешь действовать точечно.
A9: w_i2_t | B9: 2 | C9: Пункт 2 — заголовок | D9: Чтобы найти точку входа.
A10: w_i2_d | B10: 2 | C10: Пункт 2 — текст | D10: Не нужно чинить всё сразу. Достаточно выровнять одну спицу — и колесо поедет ровнее.
A11: w_i3_t | B11: 2 | C11: Пункт 3 — заголовок | D11: Чтобы понять, куда двигаться.
A12: w_i3_d | B12: 2 | C12: Пункт 3 — текст | D12: Баланс — это не «идеально по 10 везде». Это когда ты чувствуешь, что едешь, а не буксуешь.
A13: w_note | B13: 2 | C13: Выделенная строка | D13: Этот разбор — твоя первая карта. Дальше — дело за тобой.
... A86: p8_sign | B86: 8 | C86: Подпись | D86: Всё начинается с тебя.
A88: Плейсхолдеры
A89: {name} — имя · {date} — дата · {sphere} — сфера · {a2} — ответ 2 (или универсальный) · {a3} — ответ 3 · {line} — линия духа · {why} — почему эти шаги

Sheet Настройки
A1: Параметр | B1: Значение | C1: Зачем
A2: author_name | B2: Дарья Косилова | C2: Подпись на обложке и на 8-й странице
A3: author_sign | B3: нумеролог · автор метода «Твоя кармическая точка» | C3: Строка под подписью
A4: book_link | B4: https://t.me/DaryaKosilova | C4: Подставляется в <<Ссылка на запись>>
A5: telegram | B5: https://t.me/DaryaKosilova | C5: Кнопки и подписи
A6: email | B6: Dasha2806_94@mail.ru | C6: Обратный адрес и подпись
A7: phone | B7: +7 952 008-24-99 | C7: Футер, страница
A8: template_id | B8: ВСТАВЬ_ID_ШАБЛОНА_GOOGLE_ДОКУМЕНТА | C8: ID шаблона для Apps Script
A9: email_subject | B9: {name}, твой разбор «Твоя кармическая точка» готов | C9: Тема письма клиенту
A10: min_words | B10: 3 | C10: Если в ответе 2 меньше слов — берём универсальную формулировку
A11: privacy_url | B11: https://example.com/privacy | C11: Ссылка на политику в форме и на странице
A12: sphere_sheet | B12: Сферы | C12: Имя листа-справочника
A13: answers_sheet | B13: Ответы | C13: Имя листа с ответами
